id,gold_label,orig_prob,swap_prob,delta,abs_delta
18156913_gab,hate_speech,0.455789,0.455789,0.0,0.0
11154758_gab,offensive,0.424468,0.424468,0.0,0.0
11959949_gab,hate_speech,0.147594,0.147594,0.0,0.0
1179105246137724928_twitter,normal,0.202905,0.067005,0.1359,0.1359
1178412537496383488_twitter,hate_speech,0.786579,0.786579,0.0,0.0
11800714_gab,offensive,0.521668,0.521668,0.0,0.0
22347127_gab,hate_speech,0.901572,0.901572,0.0,0.0
22100176_gab,hate_speech,0.612199,0.599081,0.013118,0.013118
17868129_gab,hate_speech,0.589292,0.533351,0.055941,0.055941
16825506_gab,hate_speech,0.939967,0.939967,0.0,0.0
8968572_gab,hate_speech,0.840035,0.840035,0.0,0.0
1194611863226605568_twitter,normal,0.752049,0.752049,0.0,0.0
1118978139256950784_twitter,offensive,0.198548,0.198548,0.0,0.0
26619153_gab,hate_speech,0.31795,0.204956,0.112994,0.112994
1178345792639262720_twitter,offensive,0.313515,0.313515,0.0,0.0
17941100_gab,normal,0.166858,0.166858,0.0,0.0
1178454688716460033_twitter,hate_speech,0.845172,0.845172,0.0,0.0
20009853_gab,normal,0.068892,0.071415,-0.002523,0.002523
1082260457396809728_twitter,normal,0.041795,0.041795,0.0,0.0
2901472_gab,hate_speech,0.593998,0.593998,0.0,0.0
9713831_gab,hate_speech,0.70482,0.70482,0.0,0.0
27715195_gab,offensive,0.847656,0.847656,0.0,0.0
4326272_gab,offensive,0.878739,0.878739,0.0,0.0
1088890307884838918_twitter,normal,0.073985,0.073985,0.0,0.0
1179061893237022726_twitter,normal,0.046169,0.065682,-0.019513,0.019513
1179045983495299079_twitter,normal,0.025898,0.026555,-0.000657,0.000657
27280463_gab,hate_speech,0.24549,0.24549,0.0,0.0
27026013_gab,offensive,0.042308,0.042308,0.0,0.0
12585712_gab,offensive,0.708451,0.654764,0.053687,0.053687
1179055528661700609_twitter,normal,0.038526,0.038526,0.0,0.0
15673157_gab,hate_speech,0.259751,0.258851,0.0009,0.0009
4812102_gab,offensive,0.276209,0.291851,-0.015642,0.015642
20188913_gab,hate_speech,0.515148,0.496832,0.018316,0.018316
1179094894893240320_twitter,normal,0.023922,0.023922,0.0,0.0
1144372754134818816_twitter,offensive,0.067638,0.067638,0.0,0.0
1076718387361968128_twitter,offensive,0.04766,0.04766,0.0,0.0
12172065_gab,hate_speech,0.892158,0.892441,-0.000283,0.000283
4361301_gab,normal,0.126642,0.116296,0.010346,0.010346
1178722465591283713_twitter,normal,0.044376,0.044376,0.0,0.0
19956346_gab,hate_speech,0.853994,0.853994,0.0,0.0
13925301_gab,hate_speech,0.849101,0.849101,0.0,0.0
13075034_gab,hate_speech,0.83477,0.83477,0.0,0.0
27511340_gab,normal,0.12522,0.12522,0.0,0.0
12376502_gab,offensive,0.06196,0.093257,-0.031297,0.031297
12443667_gab,offensive,0.346687,0.346687,0.0,0.0
1203671580825542657_twitter,offensive,0.105058,0.105058,0.0,0.0
16002165_gab,hate_speech,0.873662,0.873662,0.0,0.0
1237051164857794572_twitter,normal,0.064065,0.064065,0.0,0.0
1264174583789174786_twitter,normal,0.029659,0.029659,0.0,0.0
1105927818184056832_twitter,offensive,0.154145,0.163506,-0.009361,0.009361
1178929320527462401_twitter,normal,0.061363,0.064083,-0.00272,0.00272
1179004403673714689_twitter,normal,0.154561,0.154561,0.0,0.0
1163082929557450753_twitter,normal,0.062616,0.060841,0.001775,0.001775
25730290_gab,hate_speech,0.738146,0.738146,0.0,0.0
21127890_gab,hate_speech,0.82465,0.82465,0.0,0.0
21757892_gab,hate_speech,0.453949,0.453949,0.0,0.0
10512629_gab,hate_speech,0.811713,0.811713,0.0,0.0
1179070924672425985_twitter,normal,0.070276,0.075304,-0.005028,0.005028
16430676_gab,normal,0.423706,0.412584,0.011122,0.011122
20318223_gab,normal,0.831528,0.831528,0.0,0.0
4015071_gab,hate_speech,0.881738,0.881738,0.0,0.0
1178810018680000513_twitter,normal,0.047144,0.047144,0.0,0.0
15314387_gab,offensive,0.065185,0.065185,0.0,0.0
1178720661495304195_twitter,normal,0.773989,0.773989,0.0,0.0
1178502719868325888_twitter,hate_speech,0.783119,0.783119,0.0,0.0
20069758_gab,hate_speech,0.885809,0.885809,0.0,0.0
1194735603566481415_twitter,offensive,0.120062,0.120062,0.0,0.0
1178923484887433217_twitter,normal,0.037286,0.037286,0.0,0.0
1178962472285327360_twitter,normal,0.396535,0.29576,0.100775,0.100775
1179004417309323264_twitter,normal,0.054087,0.078188,-0.024101,0.024101
1178501413346906113_twitter,offensive,0.37007,0.35881,0.01126,0.01126
1179019049969373184_twitter,normal,0.061427,0.061427,0.0,0.0
1233848625022763010_twitter,offensive,0.032103,0.032103,0.0,0.0
6615207_gab,normal,0.019618,0.01996,-0.000342,0.000342
9053284_gab,hate_speech,0.79435,0.79435,0.0,0.0
1160017189296050177_twitter,offensive,0.049511,0.049511,0.0,0.0
1142977246283599872_twitter,normal,0.041044,0.040921,0.000123,0.000123
1179098097160470529_twitter,normal,0.044704,0.044058,0.000646,0.000646
9551353_gab,hate_speech,0.198305,0.198305,0.0,0.0
11620676_gab,offensive,0.063807,0.063807,0.0,0.0
1178056433188904960_twitter,normal,0.042842,0.042842,0.0,0.0
2521549_gab,hate_speech,0.814875,0.814875,0.0,0.0
1185410004838428672_twitter,normal,0.02755,0.02755,0.0,0.0
27802700_gab,hate_speech,0.919837,0.919837,0.0,0.0
1186749782980734977_twitter,offensive,0.03287,0.03287,0.0,0.0
1181975809361371137_twitter,offensive,0.063457,0.063457,0.0,0.0
26251002_gab,normal,0.045186,0.045186,0.0,0.0
1178379130804432896_twitter,normal,0.03991,0.03991,0.0,0.0
23990651_gab,hate_speech,0.923386,0.923386,0.0,0.0
1178963201238716417_twitter,normal,0.844343,0.844343,0.0,0.0
1178806441991385089_twitter,normal,0.059789,0.059789,0.0,0.0
1171479257417011200_twitter,normal,0.024212,0.024654,-0.000442,0.000442
1178841789018640385_twitter,offensive,0.111847,0.111847,0.0,0.0
1087809548998594563_twitter,offensive,0.040162,0.040162,0.0,0.0
1118341460657459200_twitter,offensive,0.04175,0.0416,0.00015,0.00015
1178844885715181569_twitter,normal,0.063001,0.063001,0.0,0.0
19840406_gab,hate_speech,0.86892,0.86892,0.0,0.0
1252475227096915968_twitter,hate_speech,0.249202,0.249202,0.0,0.0
9537035_gab,offensive,0.367608,0.367608,0.0,0.0
13395977_gab,offensive,0.216735,0.111502,0.105233,0.105233
1178323077429649408_twitter,normal,0.035309,0.039525,-0.004216,0.004216
1179070708347015169_twitter,normal,0.081874,0.081874,0.0,0.0
1226925254062362627_twitter,normal,0.179572,0.21402,-0.034448,0.034448
1179021718515568640_twitter,normal,0.049643,0.049643,0.0,0.0
13879478_gab,offensive,0.179276,0.198201,-0.018925,0.018925
1178976586168754177_twitter,hate_speech,0.792778,0.792778,0.0,0.0
11206682_gab,offensive,0.089999,0.089999,0.0,0.0
13380605_gab,hate_speech,0.100535,0.100535,0.0,0.0
1217567280617443328_twitter,offensive,0.036342,0.036342,0.0,0.0
16023241_gab,hate_speech,0.865193,0.865193,0.0,0.0
1246464315504328705_twitter,offensive,0.030586,0.030586,0.0,0.0
24227903_gab,offensive,0.922945,0.922945,0.0,0.0
7141864_gab,offensive,0.073181,0.073181,0.0,0.0
1111868668147724289_twitter,normal,0.047051,0.047051,0.0,0.0
20693707_gab,offensive,0.110228,0.110228,0.0,0.0
1179088738707759104_twitter,normal,0.043441,0.043441,0.0,0.0
1106389762066124801_twitter,offensive,0.117622,0.117622,0.0,0.0
10592982_gab,offensive,0.763302,0.763302,0.0,0.0
20339304_gab,hate_speech,0.377211,0.244447,0.132764,0.132764
18550891_gab,offensive,0.767166,0.768441,-0.001275,0.001275
20562194_gab,normal,0.119196,0.136943,-0.017747,0.017747
21749687_gab,hate_speech,0.300182,0.300182,0.0,0.0
17524246_gab,hate_speech,0.938661,0.938661,0.0,0.0
21168212_gab,normal,0.133273,0.133273,0.0,0.0
1213327950763966467_twitter,offensive,0.088611,0.088611,0.0,0.0
2183555_gab,hate_speech,0.761675,0.761675,0.0,0.0
1178794715056967680_twitter,hate_speech,0.757443,0.757443,0.0,0.0
26948887_gab,offensive,0.13482,0.13482,0.0,0.0
1179087612583141376_twitter,normal,0.034558,0.034558,0.0,0.0
18452041_gab,hate_speech,0.933855,0.933855,0.0,0.0
1178567880251707392_twitter,normal,0.070213,0.070213,0.0,0.0
1146251013822668800_twitter,offensive,0.092829,0.117209,-0.02438,0.02438
1178605473743982594_twitter,normal,0.275317,0.275317,0.0,0.0
13532804_gab,hate_speech,0.920238,0.926247,-0.006009,0.006009
21055613_gab,offensive,0.371865,0.371865,0.0,0.0
4300173_gab,hate_speech,0.413577,0.381853,0.031724,0.031724
14192763_gab,offensive,0.315466,0.216906,0.09856,0.09856
1217101519943802883_twitter,offensive,0.103704,0.095467,0.008237,0.008237
13034303_gab,normal,0.750326,0.750326,0.0,0.0
11135587_gab,hate_speech,0.383666,0.327987,0.055679,0.055679
12345088_gab,hate_speech,0.891774,0.891774,0.0,0.0
18230837_gab,hate_speech,0.860881,0.860881,0.0,0.0
22261822_gab,offensive,0.042323,0.042323,0.0,0.0
22398797_gab,normal,0.070054,0.070054,0.0,0.0
1237773908570509313_twitter,offensive,0.059933,0.08451,-0.024577,0.024577
13107427_gab,hate_speech,0.831172,0.831172,0.0,0.0
10147319_gab,offensive,0.038684,0.038684,0.0,0.0
26342460_gab,hate_speech,0.856213,0.856213,0.0,0.0
1179024615844171777_twitter,normal,0.062959,0.054313,0.008646,0.008646
27683915_gab,hate_speech,0.912595,0.912595,0.0,0.0
3483203_gab,hate_speech,0.754985,0.735357,0.019628,0.019628
2547072_gab,offensive,0.044598,0.044598,0.0,0.0
1270643899254497286_twitter,normal,0.151152,0.151152,0.0,0.0
1122013674485506048_twitter,normal,0.077311,0.077311,0.0,0.0
1179093281692700672_twitter,normal,0.200812,0.214432,-0.01362,0.01362
21969771_gab,hate_speech,0.930435,0.929075,0.00136,0.00136
27386050_gab,hate_speech,0.208043,0.096525,0.111518,0.111518
1123690490136756225_twitter,normal,0.028673,0.028673,0.0,0.0
1178981918731362310_twitter,normal,0.124253,0.125942,-0.001689,0.001689
16845479_gab,hate_speech,0.892686,0.892686,0.0,0.0
1084991014455201794_twitter,normal,0.045537,0.045537,0.0,0.0
20567241_gab,offensive,0.311158,0.259004,0.052154,0.052154
15108536_gab,offensive,0.077347,0.102193,-0.024846,0.024846
1195959027525726209_twitter,normal,0.057326,0.057326,0.0,0.0
1179082883333378048_twitter,normal,0.032522,0.032522,0.0,0.0
11576454_gab,normal,0.185709,0.209123,-0.023414,0.023414
1090673738545283074_twitter,hate_speech,0.897167,0.897167,0.0,0.0
18428729_gab,hate_speech,0.5695,0.5695,0.0,0.0
1084834432710656003_twitter,offensive,0.050353,0.050353,0.0,0.0
12177462_gab,normal,0.179328,0.184068,-0.00474,0.00474
25233620_gab,normal,0.821852,0.821852,0.0,0.0
23513033_gab,normal,0.043898,0.043898,0.0,0.0
25102150_gab,hate_speech,0.843333,0.843333,0.0,0.0
16491428_gab,normal,0.260817,0.260817,0.0,0.0
12580428_gab,normal,0.074574,0.074574,0.0,0.0
1123227111810945024_twitter,offensive,0.040727,0.040727,0.0,0.0
2702487_gab,normal,0.171273,0.171273,0.0,0.0
1178856299171373057_twitter,offensive,0.836775,0.836775,0.0,0.0
6817795_gab,hate_speech,0.876978,0.871144,0.005834,0.005834
27354787_gab,hate_speech,0.629995,0.629995,0.0,0.0
19084094_gab,hate_speech,0.721293,0.721293,0.0,0.0
1112706085926912000_twitter,normal,0.055261,0.084021,-0.02876,0.02876
13265405_gab,hate_speech,0.914631,0.914631,0.0,0.0
1144486239434788864_twitter,offensive,0.060336,0.060336,0.0,0.0
21585337_gab,normal,0.088687,0.088687,0.0,0.0
24959028_gab,normal,0.232492,0.130497,0.101995,0.101995
1088243265210671104_twitter,hate_speech,0.050594,0.050594,0.0,0.0
12326179_gab,hate_speech,0.760444,0.729783,0.030661,0.030661
1104770995611680769_twitter,normal,0.039636,0.039636,0.0,0.0
18721090_gab,hate_speech,0.376047,0.376726,-0.000679,0.000679
24590941_gab,hate_speech,0.882938,0.882938,0.0,0.0
1079097212024410118_twitter,normal,0.044027,0.044027,0.0,0.0
17563616_gab,normal,0.056813,0.056813,0.0,0.0
3367166_gab,offensive,0.860258,0.855116,0.005142,0.005142
1230931318822838273_twitter,normal,0.111184,0.111184,0.0,0.0
1177977240996499457_twitter,hate_speech,0.191484,0.191484,0.0,0.0
17315138_gab,offensive,0.035891,0.035891,0.0,0.0
1243408978962337793_twitter,normal,0.041437,0.041437,0.0,0.0
11255170_gab,offensive,0.429714,0.429714,0.0,0.0
27597499_gab,normal,0.058556,0.058556,0.0,0.0
1091513903756980224_twitter,offensive,0.102215,0.102215,0.0,0.0
1179086469169897472_twitter,normal,0.08745,0.087965,-0.000515,0.000515
1100433741338406912_twitter,offensive,0.043365,0.043365,0.0,0.0
26428645_gab,hate_speech,0.928607,0.928607,0.0,0.0
1211743854401064961_twitter,offensive,0.079835,0.079835,0.0,0.0
1219117000435339265_twitter,normal,0.071549,0.071549,0.0,0.0
1105564033632165888_twitter,normal,0.028066,0.028066,0.0,0.0
14824578_gab,offensive,0.365255,0.365255,0.0,0.0
1097529240327778310_twitter,offensive,0.086875,0.086875,0.0,0.0
1199953468741603328_twitter,offensive,0.042758,0.042758,0.0,0.0
1102795985951043584_twitter,normal,0.040424,0.040424,0.0,0.0
1179070575823605760_twitter,normal,0.049859,0.049859,0.0,0.0
14298342_gab,normal,0.085899,0.085899,0.0,0.0
1236507239155822593_twitter,offensive,0.054923,0.054923,0.0,0.0
5628068_gab,normal,0.214017,0.22649,-0.012473,0.012473
12850346_gab,normal,0.060209,0.060209,0.0,0.0
13948681_gab,normal,0.104145,0.135641,-0.031496,0.031496
1081965704939749376_twitter,hate_speech,0.843103,0.843103,0.0,0.0
26827207_gab,hate_speech,0.654536,0.295582,0.358954,0.358954
1178803884443090945_twitter,normal,0.045633,0.045633,0.0,0.0
24226606_gab,hate_speech,0.924676,0.924676,0.0,0.0
16855991_gab,normal,0.353195,0.344557,0.008638,0.008638
1165449937028636673_twitter,normal,0.305423,0.305423,0.0,0.0
25502005_gab,hate_speech,0.922195,0.922195,0.0,0.0
26947863_gab,hate_speech,0.901052,0.901052,0.0,0.0
1178107490912870401_twitter,offensive,0.176432,0.176432,0.0,0.0
26296506_gab,normal,0.056269,0.056269,0.0,0.0
1178784612685885441_twitter,offensive,0.095772,0.117408,-0.021636,0.021636
1122981615016271872_twitter,normal,0.034626,0.034626,0.0,0.0
12189681_gab,normal,0.049987,0.078734,-0.028747,0.028747
1110069233860268032_twitter,normal,0.125309,0.125309,0.0,0.0
1257722745988710400_twitter,offensive,0.050352,0.050352,0.0,0.0
1178873120804999169_twitter,normal,0.058502,0.058502,0.0,0.0
26629071_gab,hate_speech,0.738207,0.732445,0.005762,0.005762
13146695_gab,hate_speech,0.880538,0.880538,0.0,0.0
9075277_gab,normal,0.064826,0.064826,0.0,0.0
1174008783460323329_twitter,normal,0.078822,0.078822,0.0,0.0
14330454_gab,hate_speech,0.527721,0.527721,0.0,0.0
26349453_gab,hate_speech,0.339794,0.339794,0.0,0.0
25936116_gab,normal,0.079257,0.079257,0.0,0.0
1230108522211422208_twitter,offensive,0.125293,0.125293,0.0,0.0
1179098848876257280_twitter,normal,0.071641,0.066034,0.005607,0.005607
1178808287082336256_twitter,normal,0.10468,0.10468,0.0,0.0
17181962_gab,normal,0.338199,0.338199,0.0,0.0
1179103900579848195_twitter,normal,0.0401,0.0401,0.0,0.0
1178741533161525249_twitter,normal,0.028542,0.028542,0.0,0.0
1178630584320561152_twitter,normal,0.045338,0.045338,0.0,0.0
1178530577206644737_twitter,normal,0.02981,0.02981,0.0,0.0
22382040_gab,offensive,0.543367,0.543367,0.0,0.0
1178987503942062080_twitter,normal,0.247596,0.162317,0.085279,0.085279
1178888125386559488_twitter,normal,0.034923,0.034923,0.0,0.0
10348741_gab,offensive,0.051495,0.07263,-0.021135,0.021135
5569627_gab,offensive,0.152624,0.152624,0.0,0.0
26046364_gab,hate_speech,0.830962,0.830962,0.0,0.0
1089740628802584577_twitter,offensive,0.038566,0.038566,0.0,0.0
6596922_gab,hate_speech,0.868534,0.868534,0.0,0.0
25559720_gab,hate_speech,0.883847,0.883847,0.0,0.0
4037364_gab,hate_speech,0.028199,0.028199,0.0,0.0
1179080956004769795_twitter,normal,0.114631,0.114631,0.0,0.0
3733403_gab,offensive,0.295104,0.282299,0.012805,0.012805
1179069027546783746_twitter,normal,0.13619,0.135473,0.000717,0.000717
1179028195720536064_twitter,normal,0.058558,0.052324,0.006234,0.006234
1179048638921596928_twitter,hate_speech,0.560482,0.560482,0.0,0.0
1170494401312952329_twitter,normal,0.046724,0.050378,-0.003654,0.003654
1179024873231978496_twitter,normal,0.026769,0.034774,-0.008005,0.008005
2794893_gab,normal,0.098262,0.098262,0.0,0.0
1080140826175594496_twitter,offensive,0.044066,0.040284,0.003782,0.003782
24230127_gab,offensive,0.081341,0.081341,0.0,0.0
1238155848066764800_twitter,offensive,0.102397,0.102397,0.0,0.0
3775928_gab,hate_speech,0.397102,0.397102,0.0,0.0
6395112_gab,offensive,0.762752,0.746987,0.015765,0.015765
20509359_gab,offensive,0.667925,0.667925,0.0,0.0
3426717_gab,hate_speech,0.455406,0.455686,-0.00028,0.00028
27886895_gab,hate_speech,0.717937,0.717937,0.0,0.0
26852992_gab,offensive,0.105974,0.11469,-0.008716,0.008716
10842673_gab,normal,0.091236,0.091236,0.0,0.0
15596675_gab,offensive,0.857325,0.857325,0.0,0.0
6952634_gab,offensive,0.131611,0.131611,0.0,0.0
2432948_gab,hate_speech,0.747612,0.747612,0.0,0.0
12731678_gab,offensive,0.923697,0.923697,0.0,0.0
22446944_gab,hate_speech,0.849141,0.83907,0.010071,0.010071
12621344_gab,offensive,0.126818,0.126818,0.0,0.0
18173369_gab,offensive,0.226348,0.226348,0.0,0.0
14261862_gab,hate_speech,0.886996,0.886996,0.0,0.0
26212173_gab,hate_speech,0.820024,0.820024,0.0,0.0
1179077143592087553_twitter,normal,0.022448,0.028209,-0.005761,0.005761
1178747237465239554_twitter,normal,0.035564,0.035564,0.0,0.0
25563686_gab,hate_speech,0.904845,0.904845,0.0,0.0
24921789_gab,hate_speech,0.311211,0.311211,0.0,0.0
14095649_gab,hate_speech,0.749194,0.749194,0.0,0.0
1179039577777983488_twitter,normal,0.095972,0.095972,0.0,0.0
13948927_gab,hate_speech,0.86631,0.86631,0.0,0.0
27055799_gab,normal,0.277967,0.112252,0.165715,0.165715
1120883481549189120_twitter,offensive,0.040006,0.040006,0.0,0.0
1120734025885392897_twitter,offensive,0.037,0.037,0.0,0.0
1178899821392023552_twitter,normal,0.037699,0.037699,0.0,0.0
22842291_gab,hate_speech,0.793414,0.793414,0.0,0.0
16333911_gab,hate_speech,0.900893,0.900893,0.0,0.0
16883713_gab,hate_speech,0.229114,0.24354,-0.014426,0.014426
1178774072563511298_twitter,normal,0.113368,0.113368,0.0,0.0
24406690_gab,normal,0.111967,0.111967,0.0,0.0
25855215_gab,hate_speech,0.647518,0.647518,0.0,0.0
1251952054773231616_twitter,offensive,0.02802,0.02802,0.0,0.0
1179084808376467456_twitter,normal,0.034927,0.039765,-0.004838,0.004838
1200611362084253696_twitter,offensive,0.198714,0.083392,0.115322,0.115322
13851720_gab,hate_speech,0.920626,0.920626,0.0,0.0
20472665_gab,hate_speech,0.929435,0.929435,0.0,0.0
14903617_gab,hate_speech,0.874423,0.874423,0.0,0.0
1092591391086178304_twitter,normal,0.038776,0.038776,0.0,0.0
19227442_gab,offensive,0.896579,0.896579,0.0,0.0
21555615_gab,hate_speech,0.661029,0.661029,0.0,0.0
16056333_gab,offensive,0.258968,0.258968,0.0,0.0
1179097064573005824_twitter,normal,0.099031,0.099031,0.0,0.0
24876858_gab,hate_speech,0.63747,0.63747,0.0,0.0
10706335_gab,hate_speech,0.870416,0.870416,0.0,0.0
1178750958718914561_twitter,normal,0.057263,0.057263,0.0,0.0
26004134_gab,hate_speech,0.172064,0.172064,0.0,0.0
15879649_gab,normal,0.160957,0.1985,-0.037543,0.037543
25311914_gab,hate_speech,0.408004,0.408004,0.0,0.0
1178655751767642112_twitter,offensive,0.161254,0.141327,0.019927,0.019927
1178735809358450688_twitter,normal,0.069379,0.069379,0.0,0.0
1093220213758312448_twitter,normal,0.032941,0.032941,0.0,0.0
14613167_gab,hate_speech,0.787903,0.774292,0.013611,0.013611
7247063_gab,offensive,0.148517,0.089753,0.058764,0.058764
1179096960537632768_twitter,normal,0.044319,0.043612,0.000707,0.000707
19346774_gab,normal,0.775948,0.775948,0.0,0.0
9206345_gab,hate_speech,0.215748,0.228832,-0.013084,0.013084
1260448846041227264_twitter,normal,0.041264,0.041264,0.0,0.0
1106221666949042181_twitter,offensive,0.044589,0.044589,0.0,0.0
12777328_gab,offensive,0.076233,0.076233,0.0,0.0
21209681_gab,hate_speech,0.172565,0.172565,0.0,0.0
20318209_gab,offensive,0.885141,0.885141,0.0,0.0
3978432_gab,offensive,0.04273,0.045601,-0.002871,0.002871
7531356_gab,offensive,0.209316,0.236684,-0.027368,0.027368
1178830333246087169_twitter,normal,0.035169,0.035169,0.0,0.0
22398230_gab,hate_speech,0.932311,0.932311,0.0,0.0
1080448696486121472_twitter,offensive,0.027153,0.027153,0.0,0.0
1178638779428605952_twitter,normal,0.021683,0.021683,0.0,0.0
20989384_gab,hate_speech,0.301188,0.301153,3.5e-05,3.5e-05
11624057_gab,hate_speech,0.628148,0.628148,0.0,0.0
21835463_gab,hate_speech,0.924454,0.924454,0.0,0.0
20624917_gab,hate_speech,0.926818,0.926818,0.0,0.0
1109450987440353280_twitter,normal,0.080398,0.080398,0.0,0.0
17843410_gab,offensive,0.498215,0.500216,-0.002001,0.002001
25235815_gab,hate_speech,0.919263,0.919263,0.0,0.0
1178983784529760256_twitter,hate_speech,0.811758,0.8005,0.011258,0.011258
11084491_gab,normal,0.069931,0.106214,-0.036283,0.036283
3990992_gab,offensive,0.234893,0.234893,0.0,0.0
18957160_gab,hate_speech,0.872475,0.872475,0.0,0.0
1184634368976998406_twitter,normal,0.107004,0.107004,0.0,0.0
16084179_gab,offensive,0.054429,0.054429,0.0,0.0
1093632039864160257_twitter,offensive,0.089535,0.057059,0.032476,0.032476
1178941558235783169_twitter,normal,0.059706,0.060837,-0.001131,0.001131
1179066279648468999_twitter,normal,0.042187,0.043423,-0.001236,0.001236
14908239_gab,offensive,0.104892,0.104892,0.0,0.0
1092230580312395777_twitter,hate_speech,0.814871,0.814871,0.0,0.0
26443311_gab,offensive,0.214637,0.355935,-0.141298,0.141298
10155201_gab,normal,0.04624,0.04624,0.0,0.0
1087834593204539392_twitter,normal,0.215355,0.215355,0.0,0.0
16172106_gab,hate_speech,0.754649,0.754649,0.0,0.0
14680382_gab,hate_speech,0.876517,0.860527,0.01599,0.01599
8698767_gab,offensive,0.28551,0.28551,0.0,0.0
18112013_gab,offensive,0.24801,0.239465,0.008545,0.008545
14974204_gab,hate_speech,0.842601,0.83439,0.008211,0.008211
13071649_gab,hate_speech,0.67939,0.67939,0.0,0.0
1178828105445720064_twitter,normal,0.027826,0.027826,0.0,0.0
1185184833640652800_twitter,normal,0.266792,0.266792,0.0,0.0
2028645_gab,hate_speech,0.831789,0.831789,0.0,0.0
6165500_gab,hate_speech,0.371624,0.351918,0.019706,0.019706
18939950_gab,normal,0.040854,0.040854,0.0,0.0
26361372_gab,hate_speech,0.887215,0.879964,0.007251,0.007251
1610757_gab,offensive,0.047778,0.047778,0.0,0.0
16921944_gab,hate_speech,0.897622,0.897622,0.0,0.0
1179046856237764608_twitter,normal,0.03657,0.03657,0.0,0.0
22340916_gab,offensive,0.657688,0.657688,0.0,0.0
22888404_gab,offensive,0.862126,0.862126,0.0,0.0
6058274_gab,offensive,0.141591,0.175254,-0.033663,0.033663
1258666596333170689_twitter,normal,0.066374,0.066374,0.0,0.0
1178694039287291906_twitter,normal,0.226148,0.245079,-0.018931,0.018931
16109086_gab,hate_speech,0.907935,0.907935,0.0,0.0
16070530_gab,hate_speech,0.58026,0.52998,0.05028,0.05028
19204580_gab,offensive,0.139233,0.139248,-1.5e-05,1.5e-05
24024394_gab,hate_speech,0.534161,0.534161,0.0,0.0
12167048_gab,hate_speech,0.740567,0.740567,0.0,0.0
1178525090847379458_twitter,normal,0.044179,0.044179,0.0,0.0
25085591_gab,hate_speech,0.864823,0.866216,-0.001393,0.001393
11823648_gab,offensive,0.320967,0.320967,0.0,0.0
1178692034531643396_twitter,normal,0.040445,0.044566,-0.004121,0.004121
1115764597720408064_twitter,offensive,0.09704,0.112784,-0.015744,0.015744
1225612446406266880_twitter,offensive,0.034191,0.034191,0.0,0.0
9867117_gab,hate_speech,0.206164,0.340115,-0.133951,0.133951
1178273334452203520_twitter,normal,0.030617,0.046547,-0.01593,0.01593
15836567_gab,offensive,0.870609,0.870609,0.0,0.0
1179030757555261440_twitter,normal,0.049178,0.052624,-0.003446,0.003446
24305062_gab,hate_speech,0.321077,0.334185,-0.013108,0.013108
1178598150002466816_twitter,offensive,0.026352,0.024923,0.001429,0.001429
3965684_gab,offensive,0.299512,0.299512,0.0,0.0
18032474_gab,offensive,0.064127,0.064127,0.0,0.0
1179030519213957120_twitter,normal,0.064923,0.064364,0.000559,0.000559
19096665_gab,hate_speech,0.40891,0.40891,0.0,0.0
1179100716960555010_twitter,normal,0.031727,0.031727,0.0,0.0
1173341490682179585_twitter,normal,0.098007,0.098007,0.0,0.0
9826963_gab,offensive,0.305743,0.305743,0.0,0.0
12043182_gab,hate_speech,0.90895,0.907073,0.001877,0.001877
17958017_gab,hate_speech,0.860848,0.860848,0.0,0.0
1078868437902987265_twitter,offensive,0.18477,0.18477,0.0,0.0
1086417563444232194_twitter,hate_speech,0.095192,0.054258,0.040934,0.040934
1087172044159152129_twitter,normal,0.072214,0.072214,0.0,0.0
1112193907033550848_twitter,normal,0.040091,0.040091,0.0,0.0
1086804965186830338_twitter,offensive,0.073067,0.073067,0.0,0.0
1179043438131417088_twitter,normal,0.031461,0.03095,0.000511,0.000511
23588213_gab,hate_speech,0.916722,0.916722,0.0,0.0
16126695_gab,normal,0.13397,0.13397,0.0,0.0
1224487307601858560_twitter,normal,0.049149,0.049149,0.0,0.0
1178899984038682625_twitter,normal,0.038632,0.038632,0.0,0.0
1179025510350897152_twitter,normal,0.057856,0.061307,-0.003451,0.003451
1144571404752265217_twitter,normal,0.032092,0.035409,-0.003317,0.003317
25995789_gab,hate_speech,0.668307,0.668307,0.0,0.0
6984595_gab,hate_speech,0.746233,0.746233,0.0,0.0
14030104_gab,hate_speech,0.394944,0.394944,0.0,0.0
1238102962116927490_twitter,normal,0.083762,0.083762,0.0,0.0
1092772320786214912_twitter,hate_speech,0.842922,0.842922,0.0,0.0
8815422_gab,offensive,0.726898,0.726898,0.0,0.0
5822752_gab,offensive,0.123862,0.123862,0.0,0.0
1197535418910150658_twitter,offensive,0.057666,0.057666,0.0,0.0
1179072805184446464_twitter,normal,0.045539,0.061598,-0.016059,0.016059
1182374073646628870_twitter,normal,0.09299,0.09299,0.0,0.0
19787360_gab,offensive,0.832838,0.832838,0.0,0.0
1179095515226607616_twitter,normal,0.050167,0.083403,-0.033236,0.033236
26202771_gab,hate_speech,0.912045,0.912045,0.0,0.0
17501192_gab,hate_speech,0.624506,0.624506,0.0,0.0
25762135_gab,hate_speech,0.846455,0.846455,0.0,0.0
1178706099786190850_twitter,normal,0.119439,0.119439,0.0,0.0
25022515_gab,normal,0.217388,0.176115,0.041273,0.041273
17538540_gab,offensive,0.091558,0.091558,0.0,0.0
12352960_gab,hate_speech,0.818257,0.811818,0.006439,0.006439
24968793_gab,hate_speech,0.375123,0.375123,0.0,0.0
26939158_gab,offensive,0.747193,0.747193,0.0,0.0
1178692612271661058_twitter,normal,0.096522,0.096522,0.0,0.0
16659400_gab,offensive,0.258081,0.242746,0.015335,0.015335
9763628_gab,hate_speech,0.275389,0.290396,-0.015007,0.015007
1178965584488230913_twitter,hate_speech,0.095854,0.095854,0.0,0.0
19939869_gab,offensive,0.873936,0.873936,0.0,0.0
1178284117038813184_twitter,normal,0.756509,0.756509,0.0,0.0
18195956_gab,hate_speech,0.100668,0.100668,0.0,0.0
24277603_gab,hate_speech,0.922722,0.922722,0.0,0.0
18920536_gab,normal,0.215194,0.227584,-0.01239,0.01239
5942714_gab,hate_speech,0.79167,0.79167,0.0,0.0
13730242_gab,hate_speech,0.800352,0.800352,0.0,0.0
15033288_gab,offensive,0.17879,0.169176,0.009614,0.009614
12597139_gab,normal,0.68495,0.68495,0.0,0.0
12426732_gab,hate_speech,0.228719,0.228719,0.0,0.0
20149987_gab,hate_speech,0.83687,0.83687,0.0,0.0
1235732567950643202_twitter,offensive,0.106034,0.106034,0.0,0.0
15132440_gab,hate_speech,0.707611,0.707611,0.0,0.0
4153260_gab,hate_speech,0.885379,0.885379,0.0,0.0
15292851_gab,offensive,0.079743,0.148469,-0.068726,0.068726
19952772_gab,hate_speech,0.488778,0.488778,0.0,0.0
1178606198809141249_twitter,hate_speech,0.880395,0.880395,0.0,0.0
1178723245211734016_twitter,hate_speech,0.035645,0.040442,-0.004797,0.004797
1107038725773627393_twitter,offensive,0.076129,0.076129,0.0,0.0
14669895_gab,offensive,0.608686,0.608686,0.0,0.0
10605240_gab,offensive,0.55921,0.556364,0.002846,0.002846
1179096040143646720_twitter,normal,0.042826,0.051954,-0.009128,0.009128
1178757718791905280_twitter,normal,0.060579,0.070769,-0.01019,0.01019
3581881_gab,hate_speech,0.094297,0.048027,0.04627,0.04627
22358188_gab,hate_speech,0.821568,0.821568,0.0,0.0
12299423_gab,offensive,0.101007,0.101007,0.0,0.0
6305207_gab,hate_speech,0.921832,0.921832,0.0,0.0
3Z8UJEJOCZEG603II1EL4BE4QZH93Z_nf_4,hate_speech,0.80668,0.80668,0.0,0.0
1169644417210343424_twitter,offensive,0.064,0.064,0.0,0.0
14368403_gab,offensive,0.067462,0.065071,0.002391,0.002391
15239458_gab,hate_speech,0.866813,0.866813,0.0,0.0
27409911_gab,offensive,0.364631,0.364631,0.0,0.0
10733286_gab,hate_speech,0.927695,0.927695,0.0,0.0
21162135_gab,normal,0.706153,0.706153,0.0,0.0
1179090479196991488_twitter,offensive,0.050154,0.050154,0.0,0.0
24569252_gab,hate_speech,0.865951,0.865951,0.0,0.0
1254435143927947264_twitter,offensive,0.037758,0.037758,0.0,0.0
1117170620700217349_twitter,normal,0.10906,0.10906,0.0,0.0
1105655062599208960_twitter,offensive,0.480237,0.480237,0.0,0.0
10590985_gab,offensive,0.708113,0.708113,0.0,0.0
1179009926590533633_twitter,normal,0.042283,0.043294,-0.001011,0.001011
1142982217892814854_twitter,hate_speech,0.034673,0.034673,0.0,0.0
1188846662346838016_twitter,offensive,0.033158,0.033158,0.0,0.0
1178404812347412480_twitter,normal,0.098955,0.11038,-0.011425,0.011425
10068208_gab,normal,0.030707,0.035798,-0.005091,0.005091
1178285709964316679_twitter,normal,0.058895,0.058895,0.0,0.0
1179093145319084032_twitter,normal,0.063235,0.063235,0.0,0.0
1179082312123916292_twitter,hate_speech,0.046904,0.046904,0.0,0.0
17939414_gab,normal,0.035669,0.035669,0.0,0.0
1117523131009204225_twitter,normal,0.035836,0.035836,0.0,0.0
1179070307052769281_twitter,normal,0.027265,0.027265,0.0,0.0
1179187033438330882_twitter,normal,0.03178,0.03178,0.0,0.0
4545816_gab,hate_speech,0.162613,0.083262,0.079351,0.079351
20685925_gab,hate_speech,0.534221,0.534221,0.0,0.0
25715452_gab,offensive,0.159365,0.159365,0.0,0.0
1178546741160792064_twitter,offensive,0.180908,0.180908,0.0,0.0
18349415_gab,hate_speech,0.924003,0.924003,0.0,0.0
22626955_gab,offensive,0.719079,0.719079,0.0,0.0
16980692_gab,hate_speech,0.937498,0.937498,0.0,0.0
4101820_gab,offensive,0.037241,0.037241,0.0,0.0
1178866509139103744_twitter,hate_speech,0.10427,0.10427,0.0,0.0
1122511047628189697_twitter,normal,0.10105,0.047872,0.053178,0.053178
1178696589059198976_twitter,hate_speech,0.611048,0.611048,0.0,0.0
1094921710032338944_twitter,normal,0.115651,0.115651,0.0,0.0
1252609725826347008_twitter,normal,0.047876,0.047876,0.0,0.0
12290514_gab,offensive,0.747066,0.747066,0.0,0.0
1179097546762924033_twitter,offensive,0.080417,0.080417,0.0,0.0
1482573_gab,offensive,0.059396,0.059396,0.0,0.0
10888406_gab,hate_speech,0.818151,0.813348,0.004803,0.004803
18361661_gab,hate_speech,0.370714,0.16102,0.209694,0.209694
1178861841780559872_twitter,normal,0.075016,0.075016,0.0,0.0
9595444_gab,normal,0.318898,0.318898,0.0,0.0
13340241_gab,offensive,0.140689,0.044139,0.09655,0.09655
19824299_gab,hate_speech,0.600189,0.600189,0.0,0.0
1179076651834957825_twitter,hate_speech,0.125624,0.125624,0.0,0.0
1178792037300211713_twitter,offensive,0.254237,0.254237,0.0,0.0
23153961_gab,hate_speech,0.765476,0.740149,0.025327,0.025327
1143334538065698816_twitter,normal,0.096291,0.096291,0.0,0.0
1168407844095483904_twitter,offensive,0.041582,0.041582,0.0,0.0
17188614_gab,hate_speech,0.91868,0.91868,0.0,0.0
2467242_gab,normal,0.041723,0.041723,0.0,0.0
1178275818012860417_twitter,normal,0.042028,0.051561,-0.009533,0.009533
1092144496391929857_twitter,offensive,0.033857,0.033857,0.0,0.0
1179071028552781824_twitter,normal,0.068599,0.069958,-0.001359,0.001359
27528223_gab,hate_speech,0.763322,0.763322,0.0,0.0
12369075_gab,offensive,0.195139,0.06851,0.126629,0.126629
24341213_gab,offensive,0.280638,0.342544,-0.061906,0.061906
17503871_gab,offensive,0.080637,0.080637,0.0,0.0
10880498_gab,normal,0.85172,0.845609,0.006111,0.006111
1075942935194099712_twitter,offensive,0.099629,0.099629,0.0,0.0
23956986_gab,hate_speech,0.773133,0.748867,0.024266,0.024266
17639970_gab,hate_speech,0.890557,0.890557,0.0,0.0
22878389_gab,hate_speech,0.880785,0.880785,0.0,0.0
22701793_gab,offensive,0.263375,0.263375,0.0,0.0
12868088_gab,offensive,0.184214,0.186757,-0.002543,0.002543
1084340331099971584_twitter,offensive,0.066224,0.066224,0.0,0.0
1179093059931377666_twitter,offensive,0.046308,0.046308,0.0,0.0
2694325_gab,hate_speech,0.844614,0.844614,0.0,0.0
22107142_gab,hate_speech,0.744182,0.744182,0.0,0.0
1183035118820175872_twitter,normal,0.056672,0.056672,0.0,0.0
1177671086139478016_twitter,hate_speech,0.29344,0.29344,0.0,0.0
1178273282610667522_twitter,hate_speech,0.828183,0.828183,0.0,0.0
1179065625626460162_twitter,normal,0.032631,0.032345,0.000286,0.000286
19792641_gab,hate_speech,0.909487,0.909487,0.0,0.0
1179050544075137026_twitter,normal,0.105637,0.105637,0.0,0.0
25893116_gab,offensive,0.350382,0.227164,0.123218,0.123218
14524893_gab,hate_speech,0.809084,0.809084,0.0,0.0
13102768_gab,hate_speech,0.850781,0.842353,0.008428,0.008428
1179086920573341696_twitter,normal,0.045906,0.053296,-0.00739,0.00739
12784812_gab,hate_speech,0.88261,0.88511,-0.0025,0.0025
1208228_gab,normal,0.25394,0.239387,0.014553,0.014553
7507489_gab,offensive,0.118191,0.127576,-0.009385,0.009385
1084227944728408064_twitter,offensive,0.637317,0.637317,0.0,0.0
27435738_gab,offensive,0.079902,0.093138,-0.013236,0.013236
19466930_gab,offensive,0.101514,0.101514,0.0,0.0
4415883_gab,offensive,0.163826,0.163826,0.0,0.0
21163029_gab,normal,0.077228,0.077228,0.0,0.0
18761956_gab,offensive,0.168194,0.168194,0.0,0.0
1268483283228082177_twitter,hate_speech,0.137943,0.137943,0.0,0.0
18935258_gab,offensive,0.072558,0.093596,-0.021038,0.021038
17030440_gab,hate_speech,0.273734,0.273734,0.0,0.0
1104499523462799360_twitter,offensive,0.034689,0.034689,0.0,0.0
15231597_gab,hate_speech,0.870041,0.870041,0.0,0.0
20126355_gab,hate_speech,0.253086,0.253086,0.0,0.0
1178924490572484608_twitter,normal,0.028731,0.033328,-0.004597,0.004597
27357310_gab,hate_speech,0.846622,0.846622,0.0,0.0
1238287444367286274_twitter,offensive,0.08711,0.111015,-0.023905,0.023905
1193298995734622215_twitter,offensive,0.052334,0.052334,0.0,0.0
14945121_gab,normal,0.021747,0.021747,0.0,0.0
15800246_gab,offensive,0.077494,0.076948,0.000546,0.000546
1179057767304323072_twitter,normal,0.050519,0.053612,-0.003093,0.003093
23377953_gab,hate_speech,0.842397,0.842397,0.0,0.0
1139185939408990213_twitter,normal,0.036646,0.036646,0.0,0.0
8394773_gab,hate_speech,0.83949,0.83949,0.0,0.0
12803910_gab,hate_speech,0.249421,0.255302,-0.005881,0.005881
10665227_gab,offensive,0.054147,0.054147,0.0,0.0
1179082549617930240_twitter,normal,0.069895,0.08983,-0.019935,0.019935
1229246278141276162_twitter,offensive,0.034793,0.034793,0.0,0.0
1171918006806618118_twitter,normal,0.031206,0.031206,0.0,0.0
1909103_gab,hate_speech,0.190238,0.190238,0.0,0.0
12889191_gab,hate_speech,0.775749,0.775749,0.0,0.0
1253409285997879301_twitter,offensive,0.066848,0.066848,0.0,0.0
1166078998767722497_twitter,normal,0.030262,0.030262,0.0,0.0
1178398776916086784_twitter,normal,0.043947,0.043947,0.0,0.0
18119502_gab,offensive,0.105743,0.107105,-0.001362,0.001362
1107384378328563713_twitter,offensive,0.034567,0.034567,0.0,0.0
1178821319288336384_twitter,offensive,0.188847,0.188847,0.0,0.0
24226678_gab,hate_speech,0.852843,0.852843,0.0,0.0
10669626_gab,offensive,0.902267,0.902267,0.0,0.0
1139225537824665601_twitter,offensive,0.035364,0.035364,0.0,0.0
1179058712515956743_twitter,normal,0.081855,0.081855,0.0,0.0
697906695239028736_twitter,offensive,0.057442,0.055957,0.001485,0.001485
6441967_gab,offensive,0.122844,0.122844,0.0,0.0
18466579_gab,normal,0.072144,0.072144,0.0,0.0
23484871_gab,offensive,0.12588,0.12588,0.0,0.0
20728328_gab,hate_speech,0.864592,0.864592,0.0,0.0
18352124_gab,offensive,0.314267,0.314267,0.0,0.0
21653890_gab,hate_speech,0.816738,0.816738,0.0,0.0
17127942_gab,offensive,0.725678,0.596984,0.128694,0.128694
26410751_gab,offensive,0.06527,0.06527,0.0,0.0
4102150_gab,offensive,0.070602,0.070602,0.0,0.0
27617732_gab,hate_speech,0.84367,0.84367,0.0,0.0
13187518_gab,hate_speech,0.813644,0.768339,0.045305,0.045305
14007631_gab,offensive,0.079448,0.079448,0.0,0.0
20983237_gab,hate_speech,0.929923,0.929923,0.0,0.0
1161856513230692352_twitter,normal,0.066455,0.066455,0.0,0.0
15972746_gab,normal,0.557402,0.557402,0.0,0.0
1179104577179791360_twitter,normal,0.148023,0.148023,0.0,0.0
15353029_gab,hate_speech,0.842518,0.842518,0.0,0.0
12979526_gab,hate_speech,0.23332,0.23332,0.0,0.0
18793244_gab,hate_speech,0.558801,0.558801,0.0,0.0
1178807638085099520_twitter,normal,0.054503,0.054503,0.0,0.0
20088200_gab,offensive,0.050005,0.050005,0.0,0.0
15731682_gab,hate_speech,0.822357,0.817915,0.004442,0.004442
1179098082635583489_twitter,offensive,0.074996,0.095842,-0.020846,0.020846
1178837107458105345_twitter,offensive,0.039336,0.039336,0.0,0.0
15465826_gab,hate_speech,0.927703,0.930317,-0.002614,0.002614
19843335_gab,offensive,0.29765,0.17549,0.12216,0.12216
26726148_gab,hate_speech,0.935927,0.935927,0.0,0.0
1179098536199311365_twitter,normal,0.032922,0.032922,0.0,0.0
15770035_gab,hate_speech,0.657965,0.539084,0.118881,0.118881
1178948001655599109_twitter,normal,0.068696,0.069408,-0.000712,0.000712
1177216103896035328_twitter,offensive,0.055199,0.065638,-0.010439,0.010439
1179091363725361152_twitter,normal,0.133109,0.158607,-0.025498,0.025498
1240014512700436482_twitter,offensive,0.110088,0.110088,0.0,0.0
1165819983701643266_twitter,offensive,0.032361,0.032361,0.0,0.0
7404978_gab,offensive,0.887301,0.887301,0.0,0.0
23082971_gab,hate_speech,0.306888,0.200225,0.106663,0.106663
20121839_gab,offensive,0.067989,0.067989,0.0,0.0
4873813_gab,hate_speech,0.214857,0.214857,0.0,0.0
1179023905446666240_twitter,normal,0.043216,0.043216,0.0,0.0
16392501_gab,hate_speech,0.485073,0.466818,0.018255,0.018255
1179075753260077057_twitter,offensive,0.820164,0.818054,0.00211,0.00211
7672117_gab,offensive,0.515146,0.515146,0.0,0.0
1178848652812525569_twitter,normal,0.16856,0.16856,0.0,0.0
1178749721306906624_twitter,normal,0.037147,0.045744,-0.008597,0.008597
22753470_gab,hate_speech,0.156231,0.156231,0.0,0.0
8123704_gab,hate_speech,0.144142,0.144142,0.0,0.0
5843501_gab,offensive,0.184697,0.085879,0.098818,0.098818
19286919_gab,offensive,0.086016,0.086016,0.0,0.0
17646564_gab,offensive,0.735834,0.735834,0.0,0.0
1178468147327729664_twitter,normal,0.033943,0.037326,-0.003383,0.003383
1178873849254961154_twitter,normal,0.039708,0.039708,0.0,0.0
1178857659019202560_twitter,normal,0.033215,0.033215,0.0,0.0
7645213_gab,hate_speech,0.271816,0.271816,0.0,0.0
24211592_gab,hate_speech,0.926881,0.926881,0.0,0.0
1249529231857668102_twitter,offensive,0.04362,0.04362,0.0,0.0
1183597323127009281_twitter,offensive,0.037568,0.037568,0.0,0.0
1103385226921762816_twitter,hate_speech,0.243544,0.084598,0.158946,0.158946
12158323_gab,offensive,0.825045,0.825045,0.0,0.0
16787150_gab,hate_speech,0.240448,0.189244,0.051204,0.051204
18452468_gab,offensive,0.57039,0.57039,0.0,0.0
1178759746683146240_twitter,hate_speech,0.276695,0.283061,-0.006366,0.006366
19526896_gab,hate_speech,0.822955,0.822508,0.000447,0.000447
8524582_gab,normal,0.044617,0.044617,0.0,0.0
15745855_gab,hate_speech,0.81151,0.81151,0.0,0.0
18529253_gab,hate_speech,0.661821,0.661821,0.0,0.0
20162017_gab,hate_speech,0.508373,0.508373,0.0,0.0
1178981039353581568_twitter,normal,0.509251,0.523972,-0.014721,0.014721
1632755_gab,hate_speech,0.90845,0.911028,-0.002578,0.002578
1179042623258058752_twitter,normal,0.22239,0.22239,0.0,0.0
1179081870665031680_twitter,offensive,0.204665,0.204665,0.0,0.0
16596098_gab,hate_speech,0.884301,0.884301,0.0,0.0
10172622_gab,offensive,0.183553,0.182032,0.001521,0.001521
1179048685654745095_twitter,normal,0.023251,0.023251,0.0,0.0
1272930487011627010_twitter,offensive,0.318778,0.318778,0.0,0.0
11972072_gab,offensive,0.053682,0.060832,-0.00715,0.00715
1092406126350647296_twitter,offensive,0.064253,0.063997,0.000256,0.000256
10227153_gab,hate_speech,0.806401,0.806401,0.0,0.0
1216713290971303939_twitter,offensive,0.36631,0.334395,0.031915,0.031915
27009967_gab,offensive,0.381843,0.381843,0.0,0.0
1161478663017291776_twitter,offensive,0.06595,0.06595,0.0,0.0
6354462_gab,offensive,0.810767,0.810767,0.0,0.0
1083042797995941889_twitter,offensive,0.040004,0.040004,0.0,0.0
1588428_gab,offensive,0.051637,0.051637,0.0,0.0
27075190_gab,offensive,0.374891,0.388597,-0.013706,0.013706
1233393878566305792_twitter,normal,0.074071,0.074071,0.0,0.0
13170938_gab,offensive,0.089996,0.089996,0.0,0.0
1178780835367002113_twitter,normal,0.032073,0.032073,0.0,0.0
13462408_gab,hate_speech,0.857869,0.866777,-0.008908,0.008908
1272194772539772928_twitter,offensive,0.533656,0.405124,0.128532,0.128532
1178785944238841857_twitter,normal,0.032363,0.032363,0.0,0.0
21276945_gab,normal,0.319174,0.319174,0.0,0.0
15864537_gab,hate_speech,0.218371,0.231646,-0.013275,0.013275
4587876_gab,hate_speech,0.185792,0.185792,0.0,0.0
14439827_gab,offensive,0.046147,0.046147,0.0,0.0
1252707503441313794_twitter,offensive,0.027522,0.027522,0.0,0.0
17846280_gab,offensive,0.885391,0.88357,0.001821,0.001821
1179096372479320064_twitter,normal,0.029338,0.029338,0.0,0.0
27442888_gab,offensive,0.050684,0.050684,0.0,0.0
1094842390177894400_twitter,offensive,0.084046,0.108186,-0.02414,0.02414
18041918_gab,hate_speech,0.934717,0.934717,0.0,0.0
15073757_gab,offensive,0.763907,0.763907,0.0,0.0
24790337_gab,offensive,0.310328,0.310274,5.4e-05,5.4e-05
1179047499216179202_twitter,normal,0.041167,0.04569,-0.004523,0.004523
1142522499831226368_twitter,offensive,0.032476,0.032476,0.0,0.0
11738380_gab,normal,0.086472,0.119064,-0.032592,0.032592
21091701_gab,offensive,0.124397,0.118889,0.005508,0.005508
9906038_gab,normal,0.356459,0.356459,0.0,0.0
26732378_gab,hate_speech,0.906022,0.909571,-0.003549,0.003549
1178615990491504641_twitter,offensive,0.061397,0.061584,-0.000187,0.000187
1105548506306170882_twitter,offensive,0.036502,0.036502,0.0,0.0
26001093_gab,hate_speech,0.821355,0.821355,0.0,0.0
1211099588351778816_twitter,normal,0.048851,0.048851,0.0,0.0
18777413_gab,normal,0.077673,0.077673,0.0,0.0
1267057_gab,hate_speech,0.094757,0.047476,0.047281,0.047281
1178971709975728128_twitter,offensive,0.059681,0.059945,-0.000264,0.000264
1144011578448240640_twitter,offensive,0.029502,0.029502,0.0,0.0
1178514129763487744_twitter,normal,0.073467,0.074753,-0.001286,0.001286
14928405_gab,normal,0.131877,0.187635,-0.055758,0.055758
1226675387956105218_twitter,normal,0.045036,0.045036,0.0,0.0
24868909_gab,offensive,0.923543,0.923543,0.0,0.0
20975497_gab,offensive,0.088476,0.104853,-0.016377,0.016377
11058354_gab,offensive,0.060623,0.073079,-0.012456,0.012456
15002888_gab,offensive,0.063891,0.075105,-0.011214,0.011214
1179099136349626368_twitter,offensive,0.041935,0.041935,0.0,0.0
1178906018572578816_twitter,offensive,0.072325,0.073447,-0.001122,0.001122
5685446_gab,offensive,0.262932,0.262932,0.0,0.0
20427890_gab,offensive,0.209617,0.209617,0.0,0.0
25557750_gab,normal,0.076632,0.092112,-0.01548,0.01548
18154601_gab,offensive,0.03517,0.03517,0.0,0.0
1081332046235078656_twitter,normal,0.049168,0.049168,0.0,0.0
27268799_gab,hate_speech,0.855289,0.855289,0.0,0.0
13979518_gab,hate_speech,0.236171,0.139309,0.096862,0.096862
1163928201627865089_twitter,offensive,0.036133,0.036133,0.0,0.0
25160111_gab,hate_speech,0.823648,0.823648,0.0,0.0
3051248_gab,normal,0.028426,0.028426,0.0,0.0
1277253_gab,hate_speech,0.580482,0.580482,0.0,0.0
1178780071252889602_twitter,normal,0.048085,0.048085,0.0,0.0
12857719_gab,hate_speech,0.711559,0.711559,0.0,0.0
26434464_gab,offensive,0.067235,0.067235,0.0,0.0
1188523349883936775_twitter,offensive,0.129561,0.129561,0.0,0.0
14500311_gab,offensive,0.169577,0.169577,0.0,0.0
24792823_gab,offensive,0.251753,0.251753,0.0,0.0
1089932353349140481_twitter,offensive,0.051446,0.051446,0.0,0.0
21836106_gab,hate_speech,0.765679,0.765679,0.0,0.0
1178771301248503809_twitter,normal,0.087657,0.087657,0.0,0.0
18869501_gab,hate_speech,0.906755,0.906755,0.0,0.0
11274701_gab,normal,0.168456,0.182549,-0.014093,0.014093
1123295873218293760_twitter,offensive,0.052765,0.052765,0.0,0.0
6350512_gab,normal,0.598777,0.598777,0.0,0.0
1249738535994884102_twitter,normal,0.062548,0.062548,0.0,0.0
12095199_gab,offensive,0.277208,0.277208,0.0,0.0
26059860_gab,hate_speech,0.800955,0.805895,-0.00494,0.00494
1178830600171601924_twitter,normal,0.033579,0.042475,-0.008896,0.008896
1179089443417808896_twitter,normal,0.033608,0.033608,0.0,0.0
1092441251776024576_twitter,offensive,0.052532,0.053769,-0.001237,0.001237
1179043156131811329_twitter,hate_speech,0.854491,0.854491,0.0,0.0
1178170242872283137_twitter,hate_speech,0.427034,0.427034,0.0,0.0
1079507754719559680_twitter,offensive,0.05358,0.060605,-0.007025,0.007025
24423548_gab,offensive,0.226006,0.226006,0.0,0.0
1225858073270476800_twitter,offensive,0.06008,0.06008,0.0,0.0
16031140_gab,offensive,0.055362,0.055362,0.0,0.0
22706056_gab,normal,0.035361,0.035361,0.0,0.0
10678202_gab,offensive,0.036962,0.036962,0.0,0.0
2668582_gab,offensive,0.233434,0.233434,0.0,0.0
18088580_gab,hate_speech,0.923464,0.923464,0.0,0.0
1090690524141576193_twitter,offensive,0.032257,0.032257,0.0,0.0
1178643316847431681_twitter,normal,0.093129,0.093129,0.0,0.0
1087149424256651269_twitter,normal,0.028491,0.028491,0.0,0.0
1179102227887247360_twitter,normal,0.037367,0.037122,0.000245,0.000245
9886793_gab,hate_speech,0.651627,0.663991,-0.012364,0.012364
7026781_gab,hate_speech,0.645553,0.645553,0.0,0.0
1179052128280690691_twitter,hate_speech,0.773052,0.773052,0.0,0.0
25744911_gab,hate_speech,0.928367,0.928367,0.0,0.0
14288348_gab,hate_speech,0.844057,0.839159,0.004898,0.004898
1241771468138196994_twitter,offensive,0.032679,0.032679,0.0,0.0
1179105444096348165_twitter,hate_speech,0.656198,0.6456,0.010598,0.010598
1178831150053244928_twitter,normal,0.055145,0.055145,0.0,0.0
1179094414603542536_twitter,normal,0.02962,0.02962,0.0,0.0
21214738_gab,hate_speech,0.914761,0.920801,-0.00604,0.00604
1146513422055550978_twitter,normal,0.029666,0.029666,0.0,0.0
21362231_gab,offensive,0.241413,0.241413,0.0,0.0
9709951_gab,normal,0.15407,0.156293,-0.002223,0.002223
1178480705652826112_twitter,normal,0.075454,0.103035,-0.027581,0.027581
1179101617477619712_twitter,normal,0.030844,0.030844,0.0,0.0
9587435_gab,hate_speech,0.901761,0.901761,0.0,0.0
19191932_gab,hate_speech,0.813229,0.813229,0.0,0.0
1188543871350984705_twitter,normal,0.041342,0.041342,0.0,0.0
1177940451955019778_twitter,offensive,0.753383,0.753383,0.0,0.0
12976797_gab,hate_speech,0.875977,0.875977,0.0,0.0
23666339_gab,offensive,0.585562,0.52424,0.061322,0.061322
1179097543092920320_twitter,normal,0.060992,0.060992,0.0,0.0
7079908_gab,hate_speech,0.806992,0.806992,0.0,0.0
18946604_gab,hate_speech,0.931264,0.931264,0.0,0.0
7894283_gab,hate_speech,0.339315,0.318322,0.020993,0.020993
1178415250753892355_twitter,hate_speech,0.091411,0.091411,0.0,0.0
1251210556347990016_twitter,normal,0.029314,0.029314,0.0,0.0
1178930453488652289_twitter,normal,0.110262,0.132612,-0.02235,0.02235
6817112_gab,hate_speech,0.854049,0.854049,0.0,0.0
1087239631165419520_twitter,offensive,0.040825,0.040825,0.0,0.0
15024908_gab,hate_speech,0.420117,0.208843,0.211274,0.211274
1214210751109447680_twitter,offensive,0.073324,0.073324,0.0,0.0
19112164_gab,hate_speech,0.928817,0.928817,0.0,0.0
11042138_gab,normal,0.063901,0.063901,0.0,0.0
25711501_gab,offensive,0.905102,0.905102,0.0,0.0
14926730_gab,offensive,0.048851,0.048851,0.0,0.0
4337482_gab,offensive,0.064456,0.065007,-0.000551,0.000551
19267095_gab,hate_speech,0.870696,0.870696,0.0,0.0
17186279_gab,offensive,0.193352,0.193352,0.0,0.0
21149794_gab,hate_speech,0.924384,0.924384,0.0,0.0
9709168_gab,offensive,0.133644,0.133644,0.0,0.0
1234483055437471745_twitter,normal,0.054751,0.054751,0.0,0.0
1179086793259573250_twitter,normal,0.028007,0.035978,-0.007971,0.007971
12627684_gab,offensive,0.115354,0.128699,-0.013345,0.013345
4701852_gab,hate_speech,0.860104,0.860104,0.0,0.0
14054951_gab,hate_speech,0.221345,0.221345,0.0,0.0
12042275_gab,hate_speech,0.544768,0.560305,-0.015537,0.015537
1179078852901036033_twitter,normal,0.073309,0.073309,0.0,0.0
1178706014507548675_twitter,offensive,0.097933,0.097933,0.0,0.0
1179105664993509376_twitter,normal,0.037133,0.037133,0.0,0.0
25465320_gab,offensive,0.48059,0.48059,0.0,0.0
1178837354208993282_twitter,normal,0.080927,0.080927,0.0,0.0
1124336605878263810_twitter,offensive,0.047932,0.047932,0.0,0.0
23886817_gab,hate_speech,0.880002,0.880002,0.0,0.0
1179075591871463424_twitter,normal,0.029799,0.029799,0.0,0.0
1178764742216712192_twitter,normal,0.029786,0.029786,0.0,0.0
10994515_gab,hate_speech,0.267767,0.267767,0.0,0.0
22932902_gab,offensive,0.677423,0.677423,0.0,0.0
1109547724838457345_twitter,normal,0.793257,0.793257,0.0,0.0
1260229132052463617_twitter,hate_speech,0.197257,0.197257,0.0,0.0
5505215_gab,hate_speech,0.756995,0.756995,0.0,0.0
25922772_gab,hate_speech,0.868856,0.868856,0.0,0.0
6381397_gab,offensive,0.164052,0.164052,0.0,0.0
1178816603619758080_twitter,normal,0.241514,0.241514,0.0,0.0
1237107565676433408_twitter,normal,0.102685,0.102685,0.0,0.0
1179093412290711554_twitter,normal,0.175006,0.175006,0.0,0.0
21799978_gab,normal,0.099402,0.121389,-0.021987,0.021987
25852454_gab,hate_speech,0.923848,0.923848,0.0,0.0
13449104_gab,normal,0.178137,0.178137,0.0,0.0
1179014998670086149_twitter,normal,0.038511,0.038511,0.0,0.0
9283077_gab,normal,0.14875,0.14875,0.0,0.0
1081320994244055040_twitter,offensive,0.028686,0.028686,0.0,0.0
17753551_gab,hate_speech,0.872986,0.872986,0.0,0.0
22331692_gab,hate_speech,0.932736,0.932736,0.0,0.0
1179095674622746631_twitter,normal,0.025702,0.025702,0.0,0.0
1179538457372381190_twitter,offensive,0.037532,0.037532,0.0,0.0
3166553_gab,normal,0.103925,0.103925,0.0,0.0
1178795517855305730_twitter,hate_speech,0.133451,0.133451,0.0,0.0
12734812_gab,hate_speech,0.859526,0.859526,0.0,0.0
27352334_gab,offensive,0.376666,0.256164,0.120502,0.120502
10038094_gab,offensive,0.0364,0.0364,0.0,0.0
15209007_gab,offensive,0.172105,0.172105,0.0,0.0
26342506_gab,offensive,0.874323,0.860445,0.013878,0.013878
1179045003794030592_twitter,normal,0.061512,0.069139,-0.007627,0.007627
22575269_gab,offensive,0.866229,0.866229,0.0,0.0
1143847627286556679_twitter,normal,0.063302,0.063302,0.0,0.0
1178975058422665217_twitter,offensive,0.113179,0.113179,0.0,0.0
26830113_gab,hate_speech,0.65796,0.65796,0.0,0.0
1090022971303968771_twitter,normal,0.03478,0.03478,0.0,0.0
1179081659465027590_twitter,normal,0.05074,0.05074,0.0,0.0
1179102552345976832_twitter,offensive,0.114722,0.114722,0.0,0.0
1100389613074558976_twitter,hate_speech,0.225677,0.225677,0.0,0.0
15613204_gab,offensive,0.253291,0.08748,0.165811,0.165811
1106029081299058688_twitter,offensive,0.144437,0.144437,0.0,0.0
1179098220217163780_twitter,normal,0.031412,0.031412,0.0,0.0
1179074111076814848_twitter,offensive,0.06359,0.081221,-0.017631,0.017631
1178415398728929285_twitter,normal,0.081807,0.058223,0.023584,0.023584
19948405_gab,hate_speech,0.368324,0.284129,0.084195,0.084195
1178850274359861252_twitter,normal,0.401317,0.401317,0.0,0.0
1179047923323154435_twitter,normal,0.023395,0.023395,0.0,0.0
1211085818447581184_twitter,offensive,0.050531,0.050531,0.0,0.0
21547229_gab,offensive,0.049209,0.049209,0.0,0.0
24225614_gab,hate_speech,0.347278,0.347278,0.0,0.0
17828964_gab,hate_speech,0.879793,0.879793,0.0,0.0
1252052990690643968_twitter,normal,0.082398,0.082398,0.0,0.0
1179027116936974337_twitter,normal,0.086729,0.086729,0.0,0.0
26964751_gab,hate_speech,0.921489,0.921489,0.0,0.0
5125277_gab,hate_speech,0.627779,0.627779,0.0,0.0
24367358_gab,hate_speech,0.527875,0.527875,0.0,0.0
1190261367518978051_twitter,normal,0.055947,0.055947,0.0,0.0
1169467702802563073_twitter,offensive,0.052944,0.052944,0.0,0.0
1143200722990714880_twitter,normal,0.026115,0.026115,0.0,0.0
1178190727987118080_twitter,normal,0.026626,0.027267,-0.000641,0.000641
13640701_gab,normal,0.049098,0.051733,-0.002635,0.002635
7500341_gab,offensive,0.176132,0.176132,0.0,0.0
1174514620704415745_twitter,normal,0.0389,0.0389,0.0,0.0
25054107_gab,offensive,0.098757,0.098757,0.0,0.0
15087539_gab,hate_speech,0.849481,0.849481,0.0,0.0
1186738559002337282_twitter,offensive,0.060832,0.060832,0.0,0.0
1220558318470684672_twitter,offensive,0.683744,0.683744,0.0,0.0
1178938601230475265_twitter,hate_speech,0.75094,0.75094,0.0,0.0
1178955261177933824_twitter,normal,0.055316,0.055316,0.0,0.0
13912847_gab,hate_speech,0.762107,0.762107,0.0,0.0
1187745116464832515_twitter,normal,0.032283,0.032283,0.0,0.0
1196677971244933120_twitter,normal,0.115923,0.115923,0.0,0.0
23069299_gab,hate_speech,0.927463,0.927463,0.0,0.0
12121445_gab,normal,0.085125,0.085125,0.0,0.0
16921321_gab,hate_speech,0.817966,0.817966,0.0,0.0
6469234_gab,offensive,0.073292,0.081558,-0.008266,0.008266
12812177_gab,hate_speech,0.844278,0.844278,0.0,0.0
1167917262520471552_twitter,offensive,0.046404,0.046404,0.0,0.0
20632309_gab,hate_speech,0.864061,0.864061,0.0,0.0
24461256_gab,hate_speech,0.396971,0.151115,0.245856,0.245856
16288097_gab,hate_speech,0.878313,0.878313,0.0,0.0
9000541_gab,offensive,0.803313,0.803313,0.0,0.0
1178932262848647168_twitter,normal,0.060676,0.06826,-0.007584,0.007584
13651130_gab,hate_speech,0.919152,0.919152,0.0,0.0
